{
  "parent" :"item/generated",
  "display": {
    "thirdperson_righthand": {
      "rotation": [
        180,
        100,
        180
      ],
      "translation": [
        0,
        0,
        0.5
      ],
      "scale": [
        1.5,
        1.5,
        1.5
      ]
    },
    "thirdperson_lefthand": {
      "rotation": [
        180,
        100,
        90
      ],
      "translation": [
        0,
        0,
        0.5
      ],
      "scale": [
        1.5,
        1.5,
        1.5
      ]
    },
    "firstperson_righthand": {
      "rotation": [
        0,
        -90,
        30
      ],
      "translation": [
        1.13,
        4.2,
        1.13
      ],
      "scale": [
        1,
        1,
        1
      ]
    },
    "firstperson_lefthand": {
      "rotation": [
        0,
        90,
        -30
      ],
      "translation": [
        1.13,
        3.2,
        1.13
      ],
      "scale": [
        1,
        1,
        1
      ]
    }
  }
}