{
  "model": {
    "type": "minecraft:select",
    "property": "minecraft:display_context",
    "cases": [
      {
        "when": [
          "gui",
          "ground",
          "fixed"],
        "model": {
          "type": "minecraft:model",
          "model": "spear:item/iron_spear"
        }
      }
    ],
    "fallback": {
      "type": "minecraft:range_dispatch",
      "property": "minecraft:custom_model_data",
      "scale": 0.8,
      "entries": [
        {
          "threshold": 1,
          "model": {
            "type": "minecraft:model",
            "model": "spear:item/iron_spear_up"
          }
        },
        {
          "threshold": 3,
          "model": {
            "type": "minecraft:model",
            "model": "spear:item/iron_spear_holding"
          }
        },
        {
          "threshold": 30,
          "model": {
            "type": "minecraft:model",
            "model": "spear:item/iron_spear_tired_0"
          }
        },
        {
          "threshold": 33,
          "model": {
            "type": "minecraft:model",
            "model": "spear:item/iron_spear_tired_1"
          }
        },
        {
          "threshold": 36,
          "model": {
            "type": "minecraft:model",
            "model": "spear:item/iron_spear_tired_2"
          }
        },
        {
          "threshold": 39,
          "model": {
            "type": "minecraft:model",
            "model": "spear:item/iron_spear_tired_1"
          }
        },
        {
          "threshold": 42,
          "model": {
            "type": "minecraft:model",
            "model": "spear:item/iron_spear_tired_0"
          }
        },
        {
          "threshold": 45,
          "model": {
            "type": "minecraft:model",
            "model": "spear:item/iron_spear_tired_1"
          }
        },
        {
          "threshold": 48,
          "model": {
            "type": "minecraft:model",
            "model": "spear:item/iron_spear_tired_2"
          }
        },
        {
          "threshold": 51,
          "model": {
            "type": "minecraft:model",
            "model": "spear:item/iron_spear_tired_1"
          }
        },
        {
          "threshold": 54,
          "model": {
            "type": "minecraft:model",
            "model": "spear:item/iron_spear_tired_0"
          }
        },
        {
          "threshold": 57,
          "model": {
            "type": "minecraft:model",
            "model": "spear:item/iron_spear_tired_1"
          }
        },
        {
          "threshold": 60,
          "model": {
            "type": "minecraft:model",
            "model": "spear:item/iron_spear_tired_down"
          }
        }
      ],
      "fallback": {
        "type": "minecraft:model",
        "model": "spear:item/iron_spear_hand"
      }
    }
  },
  "hand_animation_on_swap": false
}